UserID,UserSex,UserDevice
1164,Male,Others
1003,Female,Others
1169,Male,Ios
1047,Female,Others
613,Female,Web
1087,Male,Android
129,Male,Ios
486,Female,Others
1391,Male,Others
1260,Male,Others
183,Female,Web
1030,Male,Ios
148,Female,Ios
1342,Male,Web
1351,Female,Android
1398,Female,Others
913,Male,Ios
1115,Female,Web
781,Female,Web
15,Female,Ios
1032,Female,Others
1028,Male,Web
785,Male,Ios
1381,Female,Web
1232,Female,Others
706,Male,Others
899,Female,Web
551,Male,Others
235,Male,Web
37,Male,Web
344,Female,Others
1061,Female,Web
90,Female,Ios
1207,Female,Web
561,Male,Others
1361,Male,Ios
361,Male,Others
1227,Female,Android
938,Male,Android
765,Female,Others
1058,Female,Others
1195,Male,Ios
787,Female,Others
1350,Female,Ios
36,Female,Others
300,Male,Others
953,Female,Web
496,Male,Web
867,Female,Others
1437,Male,Android
195,Female,Ios
1387,Female,Web
142,Female,Ios
1347,Male,Web
1051,Male,Web
1395,Female,Web
909,Female,Ios
694,Female,Others
532,Female,Others
1445,Male,Others
1401,Male,Ios
1199,Male,Others
400,Female,Others
1310,Male,Others
98,Female,Android
55,Male,Others
857,Female,Android
439,Male,Others
1098,Male,Ios
780,Male,Android
1128,Male,Others
775,Male,Others
737,Male,Ios
1063,Male,Others
386,Male,Web
322,Male,Web
571,Female,Others
845,Female,Others
1359,Female,Ios
239,Female,Ios
655,Male,Others
71,Male,Android
1158,Female,Others
599,Male,Android
337,Male,Others
1300,Female,Android
1277,Female,Others
320,Female,Web
1337,Male,Others
545,Male,Others
1456,Female,Android
233,Female,Android
916,Male,Others
1060,Female,Others
1268,Male,Others
1369,Female,Others
961,Female,Ios
1139,Male,Android
1056,Female,Ios
1144,Female,Ios
478,Female,Others
359,Female,Web
355,Female,Web
712,Female,Others
1174,Male,Others
1183,Female,Ios
708,Female,Android
345,Female,Others
1214,Female,Android
419,Female,Others
541,Female,Others
131,Male,Ios
492,Male,Web
1292,Female,Android
725,Male,Web
467,Female,Ios
932,Female,Android
1177,Male,Others
790,Female,Android
998,Male,Ios
132,Male,Ios
854,Female,Others
531,Female,Android
705,Male,Ios
147,Male,Web
700,Male,Ios
549,Female,Android
1080,Male,Android
143,Male,Android
420,Male,Android
833,Female,Others
94,Female,Android
875,Female,Others
45,Male,Web
1301,Female,Ios
651,Male,Web
959,Male,Web
1067,Female,Web
42,Male,Web
255,Male,Web
740,Male,Ios
86,Male,Android
1429,Female,Android
76,Male,Others
1166,Male,Others
773,Female,Android
692,Male,Others
1436,Male,Web
1244,Female,Ios
891,Female,Android
152,Male,Web
1019,Male,Web
79,Male,Ios
1187,Male,Web
1016,Female,Web
905,Male,Others
466,Male,Android
461,Female,Ios
1382,Male,Ios
1430,Male,Web
332,Female,Web
146,Female,Ios
681,Female,Web
1335,Male,Ios
260,Female,Android
523,Female,Android
395,Male,Others
954,Female,Web
296,Male,Ios
1396,Female,Web
1198,Female,Android
641,Female,Android
1029,Male,Web
1265,Female,Others
745,Female,Web
865,Female,Web
135,Female,Android
1178,Female,Ios
1374,Male,Others
159,Male,Others
1373,Female,Web
128,Female,Ios
221,Male,Web
673,Female,Ios
926,Male,Ios
824,Male,Web
1275,Female,Android
488,Male,Web
1096,Female,Others
647,Male,Ios
1422,Female,Web
936,Male,Android
726,Female,Others
275,Female,Others
306,Male,Web
1293,Female,Others
628,Female,Web
445,Male,Android
779,Female,Others
995,Female,Web
1305,Female,Ios
226,Male,Ios
664,Female,Ios
806,Female,Web
313,Female,Ios
299,Female,Others
1267,Male,Web
270,Female,Android
898,Female,Web
950,Male,Android
311,Male,Others
481,Male,Web
803,Female,Android
608,Female,Others
1161,Female,Android
937,Female,Web
1297,Male,Others
244,Female,Web
660,Female,Android
1439,Male,Others
810,Female,Web
529,Female,Web
620,Female,Ios
505,Female,Others
114,Female,Web
917,Male,Web
1410,Female,Ios
126,Male,Ios
1390,Male,Ios
297,Female,Others
365,Male,Web
986,Male,Others
851,Female,Web
1230,Female,Others
342,Male,Android
1441,Female,Others
957,Female,Android
252,Male,Web
1427,Male,Others
955,Female,Others
856,Female,Ios
1377,Male,Android
421,Female,Web
848,Female,Others
602,Male,Ios
1143,Female,Web
1247,Male,Android
203,Female,Web
672,Female,Web
303,Male,Ios
925,Female,Web
590,Male,Others
1249,Male,Ios
997,Female,Web
469,Male,Web
125,Female,Others
842,Female,Ios
935,Male,Android
888,Female,Web
444,Female,Ios
117,Female,Others
298,Male,Ios
72,Female,Others
852,Female,Others
1255,Male,Web
1110,Male,Others
974,Male,Others
828,Female,Android
396,Female,Web
499,Male,Web
112,Male,Ios
676,Female,Android
711,Male,Others
494,Male,Android
755,Female,Others
1171,Male,Ios
1126,Male,Web
1229,Female,Ios
1206,Male,Others
963,Male,Others
766,Female,Others
380,Female,Ios
339,Female,Android
38,Male,Ios
1053,Female,Android
214,Female,Ios
1282,Male,Others
1055,Female,Android
678,Female,Others
155,Male,Android
837,Female,Others
1453,Male,Web
1072,Female,Others
191,Female,Others
426,Male,Web
259,Female,Ios
1226,Female,Others
1322,Male,Ios
115,Female,Others
1279,Male,Ios
459,Male,Android
28,Male,Web
1366,Male,Others
1360,Male,Others
57,Male,Web
639,Male,Ios
530,Male,Ios
689,Female,Others
1264,Male,Android
687,Male,Android
1290,Female,Web
981,Male,Others
675,Female,Others
1083,Male,Others
340,Male,Others
769,Female,Web
979,Female,Web
61,Female,Web
1379,Male,Android
1057,Female,Ios
429,Female,Android
406,Female,Others
166,Male,Android
1425,Female,Ios
1376,Female,Android
736,Male,Android
169,Female,Android
243,Female,Web
735,Male,Android
207,Female,Android
438,Female,Web
674,Female,Web
656,Female,Web
1372,Male,Ios
1135,Female,Android
64,Male,Web
347,Male,Others
880,Male,Android
1167,Female,Ios
197,Male,Android
583,Female,Ios
1203,Male,Web
305,Male,Web
1356,Male,Ios
967,Male,Android
78,Male,Others
843,Male,Others
563,Female,Ios
381,Male,Android
835,Male,Others
50,Male,Others
370,Male,Others
149,Female,Web
286,Female,Ios
283,Male,Ios
321,Male,Ios
274,Female,Android
346,Female,Others
838,Male,Ios
308,Male,Android
324,Male,Ios
1352,Female,Android
1402,Male,Ios
970,Female,Others
1370,Male,Others
277,Male,Ios
1208,Female,Web
373,Female,Others
822,Male,Others
215,Female,Ios
280,Male,Others
1450,Male,Ios
929,Female,Web
522,Male,Others
1423,Female,Android
534,Female,Web
367,Female,Others
1155,Male,Others
908,Female,Web
634,Male,Ios
514,Female,Android
1331,Male,Web
1133,Female,Web
455,Female,Ios
497,Female,Ios
335,Male,Ios
1362,Female,Android
353,Male,Others
640,Male,Web
154,Female,Others
60,Male,Ios
924,Female,Web
876,Male,Others
1294,Male,Ios
815,Female,Ios
52,Female,Others
903,Male,Others
1367,Male,Android
542,Male,Android
718,Female,Web
1375,Female,Web
1416,Female,Ios
167,Male,Others
528,Female,Ios
1180,Female,Ios
1455,Male,Android
748,Female,Ios
476,Male,Ios
813,Female,Web
792,Male,Android
1326,Female,Ios
316,Female,Web
1136,Female,Ios
192,Female,Android
1414,Female,Others
1261,Male,Others
31,Female,Web
349,Female,Web
881,Female,Web
12,Female,Ios
720,Female,Web
363,Male,Web
1454,Male,Web
951,Female,Others
113,Male,Web
29,Male,Ios
823,Male,Others
482,Female,Others
163,Male,Others
791,Male,Ios
1451,Female,Ios
56,Female,Web
96,Female,Ios
498,Female,Web
1163,Female,Web
1289,Female,Others
204,Female,Ios
502,Female,Others
213,Male,Others
1266,Female,Web
254,Male,Others
1314,Male,Ios
1333,Male,Ios
739,Male,Others
247,Male,Others
63,Male,Others
464,Female,Web
722,Female,Others
618,Male,Ios
516,Male,Android
576,Male,Others
13,Female,Web
1432,Male,Web
1220,Male,Web
1120,Male,Others
350,Male,Ios
1159,Male,Web
487,Female,Others
805,Male,Web
626,Male,Web
1343,Female,Web
983,Female,Ios
729,Female,Web
1231,Female,Others
290,Male,Ios
237,Female,Android
1252,Female,Android
1205,Male,Ios
1089,Male,Android
428,Female,Android
1278,Female,Android
605,Male,Android
1324,Female,Web
412,Female,Web
1295,Female,Ios
671,Female,Web
325,Female,Web
1400,Female,Ios
1160,Male,Android
1123,Male,Others
162,Female,Others
1446,Male,Others
587,Male,Android
887,Female,Others
774,Female,Others
1211,Female,Others
27,Male,Others
134,Female,Android
862,Female,Others
682,Female,Android
1271,Male,Android
930,Male,Others
892,Male,Android
511,Male,Android
872,Female,Others
513,Male,Android
680,Female,Others
716,Female,Others
508,Female,Ios
22,Male,Web
1002,Female,Ios
771,Female,Android
229,Male,Android
100,Female,Web
10,Male,Web
1093,Male,Android
264,Female,Others
271,Female,Web
178,Female,Ios
376,Male,Web
1008,Male,Ios
212,Female,Android
1288,Female,Ios
19,Male,Web
582,Male,Ios
326,Female,Android
568,Female,Others
490,Female,Others
1046,Male,Ios
918,Male,Others
465,Female,Android
89,Female,Android
318,Female,Others
483,Female,Ios
241,Male,Android
945,Female,Others
99,Male,Web
850,Male,Web
351,Male,Android
1007,Male,Others
1006,Female,Web
691,Male,Web
424,Female,Web
662,Male,Ios
495,Female,Others
841,Male,Android
517,Male,Android
1042,Male,Web
462,Male,Ios
742,Male,Web
473,Female,Ios
1345,Male,Others
965,Female,Others
199,Female,Web
1296,Male,Android
1071,Male,Others
1254,Male,Others
1419,Female,Web
1412,Female,Web
895,Male,Others
668,Female,Others
1134,Female,Others
515,Female,Android
574,Male,Android
1421,Female,Android
392,Male,Android
187,Male,Others
699,Female,Android
1112,Female,Android
991,Male,Others
261,Female,Android
257,Male,Others
519,Male,Web
1038,Female,Others
145,Male,Android
633,Male,Web
859,Male,Others
1411,Male,Ios
314,Male,Web
799,Female,Android
301,Male,Web
1263,Female,Web
1204,Female,Others
1298,Female,Android
48,Male,Ios
1225,Female,Others
97,Male,Web
1405,Female,Web
1280,Female,Ios
276,Male,Web
30,Female,Web
1426,Female,Ios
679,Male,Others
630,Female,Android
165,Male,Ios
415,Female,Android
118,Male,Web
889,Male,Web
1235,Female,Android
1269,Male,Android
240,Female,Ios
592,Male,Ios
450,Female,Ios
443,Female,Ios
1001,Male,Android
760,Male,Others
377,Male,Android
829,Female,Android
329,Male,Android
379,Male,Ios
855,Female,Others
414,Female,Ios
724,Female,Web
1320,Female,Others
171,Male,Others
405,Male,Android
281,Male,Ios
1000,Male,Others
1213,Male,Others
1259,Male,Others
624,Male,Others
598,Female,Ios
710,Male,Web
408,Female,Ios
417,Female,Ios
1315,Male,Ios
890,Female,Others
777,Male,Android
933,Female,Others
1099,Male,Others
77,Female,Ios
206,Male,Web
818,Male,Web
156,Male,Others
525,Female,Android
1004,Male,Others
1020,Male,Ios
1064,Female,Ios
702,Female,Others
509,Female,Web
75,Female,Ios
900,Male,Ios
1378,Female,Web
177,Male,Others
449,Male,Web
715,Male,Android
636,Male,Others
158,Female,Ios
985,Male,Others
160,Male,Android
1103,Female,Web
1321,Male,Android
960,Female,Ios
1073,Male,Ios
1149,Female,Android
1403,Female,Android
1262,Male,Ios
9,Male,Others
312,Female,Others
607,Male,Others
693,Male,Others
703,Male,Ios
309,Male,Others
652,Male,Ios
831,Male,Others
573,Female,Android
262,Female,Android
1117,Male,Web
1097,Female,Others
1113,Female,Android
585,Female,Android
570,Female,Ios
151,Male,Ios
901,Male,Android
971,Female,Android
1348,Male,Others
928,Male,Android
1039,Male,Android
697,Female,Web
453,Male,Android
47,Female,Others
127,Female,Android
1246,Male,Ios
547,Male,Others
1291,Female,Android
1447,Female,Android
816,Female,Others
1152,Female,Web
111,Female,Web
16,Female,Android
101,Female,Android
1118,Male,Ios
1388,Male,Android
109,Female,Android
1196,Male,Web
622,Female,Others
580,Female,Ios
1185,Male,Ios
1041,Female,Web
1075,Male,Others
701,Female,Others
1318,Female,Web
931,Female,Android
1353,Female,Android
976,Female,Ios
6,Male,Others
59,Female,Others
980,Female,Others
1302,Female,Android
384,Female,Android
1127,Female,Web
34,Female,Android
1176,Male,Web
150,Male,Ios
1102,Female,Ios
538,Female,Android
698,Female,Web
1147,Male,Android
794,Male,Others
1050,Male,Others
1095,Male,Android
58,Female,Ios
801,Female,Web
894,Female,Web
1054,Male,Android
1140,Male,Ios
170,Female,Ios
1284,Female,Android
471,Female,Others
460,Female,Ios
504,Male,Android
484,Female,Others
738,Male,Others
1005,Female,Web
310,Male,Ios
452,Male,Others
1418,Male,Ios
690,Male,Web
1024,Female,Android
427,Male,Android
603,Male,Android
644,Female,Others
832,Male,Others
1036,Male,Ios
614,Female,Android
902,Male,Web
1338,Female,Web
907,Male,Android
1122,Male,Web
1142,Male,Web
35,Male,Ios
1393,Male,Others
91,Male,Android
949,Male,Others
1272,Male,Android
425,Female,Ios
1435,Female,Web
621,Male,Ios
108,Female,Android
663,Female,Android
105,Female,Web
1368,Female,Android
1415,Male,Web
1065,Male,Ios
1121,Male,Ios
732,Female,Web
884,Male,Ios
1433,Female,Ios
537,Female,Ios
185,Male,Others
584,Female,Web
1151,Female,Others
783,Female,Ios
5,Female,Web
677,Male,Others
231,Male,Web
659,Male,Web
897,Male,Others
390,Male,Others
431,Male,Others
1202,Male,Android
18,Female,Ios
1157,Female,Android
210,Male,Android
1243,Male,Others
1074,Female,Web
172,Female,Others
258,Male,Web
609,Female,Android
1332,Female,Web
1270,Female,Web
939,Male,Web
840,Female,Others
800,Male,Ios
334,Female,Others
1104,Male,Android
1299,Male,Ios
1062,Female,Ios
853,Female,Others
25,Male,Web
1037,Male,Android
927,Male,Android
1212,Female,Ios
562,Female,Android
1181,Female,Ios
1162,Female,Android
457,Male,Ios
84,Male,Ios
934,Female,Android
1257,Male,Ios
39,Female,Ios
863,Male,Web
333,Female,Android
266,Male,Web
1013,Female,Ios
407,Male,Android
1306,Female,Web
422,Male,Web
435,Male,Ios
826,Male,Others
201,Male,Others
786,Male,Others
915,Female,Others
753,Male,Android
1150,Female,Web
1179,Male,Web
1327,Female,Web
1011,Male,Web
536,Male,Web
1124,Male,Ios
442,Male,Others
962,Female,Android
267,Male,Web
1200,Female,Android
378,Male,Ios
1173,Female,Others
284,Male,Web
279,Male,Web
767,Male,Web
1253,Female,Ios
871,Male,Others
1340,Female,Android
1215,Female,Others
807,Male,Web
615,Female,Android
946,Male,Web
398,Male,Android
1009,Female,Ios
1079,Female,Android
1357,Female,Others
218,Male,Ios
734,Male,Ios
948,Male,Ios
1221,Male,Ios
137,Male,Web
507,Male,Web
238,Male,Others
432,Female,Others
873,Male,Web
797,Male,Web
51,Female,Android
1276,Male,Ios
1182,Female,Others
477,Female,Ios
784,Male,Android
62,Female,Android
319,Male,Others
1125,Female,Others
1209,Male,Android
683,Female,Android
772,Male,Web
1363,Male,Ios
1023,Male,Others
825,Male,Ios
821,Male,Android
331,Female,Others
209,Male,Web
1251,Male,Android
947,Female,Others
372,Male,Web
268,Male,Ios
653,Male,Others
8,Male,Web
202,Female,Ios
1312,Male,Web
596,Female,Android
1094,Female,Others
811,Female,Web
612,Female,Android
637,Male,Others
304,Male,Web
920,Female,Others
625,Female,Web
1273,Female,Android
49,Male,Others
987,Male,Others
1407,Female,Web
606,Female,Android
1328,Male,Others
1349,Male,Android
648,Female,Others
1059,Male,Ios
559,Male,Web
1364,Female,Ios
230,Male,Ios
868,Female,Ios
540,Female,Ios
1371,Female,Ios
707,Male,Web
369,Male,Android
922,Female,Ios
520,Female,Web
441,Male,Others
844,Female,Ios
41,Female,Web
198,Female,Web
1408,Female,Web
348,Female,Android
685,Male,Others
768,Male,Android
387,Female,Web
1240,Male,Others
1424,Female,Web
1191,Male,Others
479,Female,Web
993,Male,Others
763,Male,Others
1233,Female,Ios
1394,Male,Android
190,Male,Android
475,Male,Ios
360,Female,Others
1384,Male,Android
168,Male,Android
354,Male,Others
645,Female,Others
256,Female,Web
1250,Male,Ios
1358,Female,Android
557,Male,Others
912,Female,Ios
830,Male,Ios
205,Male,Web
430,Male,Ios
1146,Female,Android
1022,Male,Android
269,Male,Android
282,Male,Ios
341,Male,Web
493,Male,Ios
657,Female,Others
1365,Female,Ios
1017,Male,Others
802,Female,Others
223,Male,Web
1014,Female,Ios
558,Female,Others
814,Female,Others
1101,Male,Others
1330,Male,Others
1108,Male,Ios
1040,Male,Android
119,Female,Web
87,Female,Android
1448,Male,Android
1329,Male,Android
904,Male,Ios
434,Male,Android
411,Male,Ios
893,Male,Web
1078,Female,Ios
526,Female,Ios
106,Male,Others
382,Male,Android
123,Male,Others
80,Male,Others
544,Male,Others
24,Female,Others
1077,Male,Android
1346,Male,Web
1165,Female,Ios
669,Male,Others
1238,Male,Others
1389,Female,Android
208,Male,Android
874,Male,Web
1274,Female,Web
553,Male,Others
721,Male,Others
817,Female,Others
188,Male,Others
1285,Male,Others
391,Female,Android
225,Male,Ios
46,Male,Others
139,Male,Ios
85,Male,Android
1189,Female,Android
65,Female,Web
451,Male,Android
410,Female,Web
1092,Male,Web
43,Male,Web
548,Female,Ios
1,Male,Others
1048,Male,Ios
1084,Male,Others
70,Male,Web
964,Female,Others
1406,Male,Ios
374,Female,Ios
575,Female,Web
524,Male,Others
193,Female,Web
81,Male,Ios
186,Male,Others
623,Female,Others
914,Male,Android
1316,Male,Others
1317,Male,Web
989,Female,Ios
179,Male,Others
611,Female,Web
157,Female,Ios
567,Female,Web
666,Female,Web
870,Female,Android
83,Female,Web
1145,Female,Ios
604,Female,Android
1027,Male,Ios
291,Female,Web
234,Female,Web
1218,Male,Others
194,Female,Web
393,Female,Others
330,Male,Ios
1033,Female,Others
1044,Female,Others
546,Male,Web
364,Female,Web
560,Female,Web
120,Female,Ios
175,Male,Ios
533,Male,Android
984,Female,Android
1313,Female,Web
436,Male,Android
886,Female,Ios
463,Male,Web
1438,Male,Others
357,Female,Web
877,Male,Ios
847,Male,Ios
1258,Female,Web
184,Male,Others
263,Male,Android
103,Female,Web
728,Male,Web
586,Female,Ios
1380,Female,Ios
566,Male,Ios
878,Female,Web
232,Female,Android
440,Male,Web
804,Female,Web
940,Male,Android
1085,Female,Others
923,Male,Web
977,Female,Others
543,Male,Ios
956,Female,Others
564,Female,Others
695,Female,Web
1109,Male,Others
95,Male,Web
1399,Female,Ios
969,Female,Others
289,Female,Android
629,Female,Ios
958,Male,Others
670,Female,Ios
713,Female,Web
506,Female,Android
1043,Female,Android
1137,Female,Others
849,Male,Web
67,Female,Web
1035,Male,Ios
686,Male,Android
1241,Male,Others
572,Male,Android
714,Male,Web
1420,Female,Web
601,Male,Android
1021,Male,Web
1090,Male,Ios
1105,Male,Android
485,Male,Ios
719,Female,Others
992,Female,Web
121,Female,Web
44,Male,Web
1319,Female,Android
242,Male,Android
1237,Male,Android
1434,Female,Android
1197,Male,Others
251,Male,Ios
1325,Female,Ios
600,Female,Android
643,Female,Web
579,Female,Others
752,Male,Web
295,Male,Others
153,Female,Web
994,Female,Ios
723,Male,Android
1323,Male,Web
1443,Female,Others
1287,Male,Ios
1307,Male,Ios
74,Female,Web
456,Male,Others
1309,Female,Others
1281,Female,Android
535,Female,Web
413,Female,Ios
227,Female,Android
1119,Female,Ios
245,Female,Ios
696,Male,Ios
999,Female,Web
975,Female,Others
287,Female,Others
1286,Female,Web
211,Female,Others
869,Male,Web
418,Male,Ios
288,Female,Ios
1311,Female,Web
1012,Female,Others
941,Male,Others
990,Male,Ios
911,Male,Web
472,Female,Web
371,Female,Ios
764,Female,Others
1194,Male,Web
1217,Male,Web
839,Female,Ios
173,Female,Android
122,Male,Android
1283,Male,Others
512,Female,Others
107,Male,Web
1106,Male,Web
383,Female,Android
759,Female,Web
1409,Female,Android
1107,Male,Others
882,Male,Android
1130,Male,Others
808,Male,Android
73,Female,Others
161,Male,Others
756,Female,Android
1188,Male,Ios
394,Female,Others
521,Male,Ios
616,Female,Web
265,Female,Web
1052,Female,Ios
23,Female,Web
88,Male,Ios
315,Male,Web
217,Female,Android
860,Male,Web
385,Female,Ios
11,Female,Others
343,Female,Ios
2,Female,Ios
754,Male,Others
982,Male,Ios
650,Female,Others
1192,Male,Android
1069,Female,Android
1242,Male,Web
588,Female,Ios
401,Male,Web
1341,Male,Android
1026,Male,Others
1132,Male,Ios
1385,Male,Web
164,Female,Ios
684,Female,Android
896,Male,Ios
866,Male,Ios
1081,Male,Android
368,Male,Android
1354,Male,Web
124,Female,Android
776,Female,Web
278,Male,Web
144,Male,Ios
1116,Female,Others
1304,Female,Web
688,Female,Web
617,Female,Ios
1397,Male,Others
489,Female,Web
196,Male,Others
906,Male,Web
978,Female,Android
200,Male,Others
1138,Male,Ios
1154,Female,Android
307,Female,Web
654,Female,Web
627,Female,Android
1045,Male,Others
293,Female,Web
619,Male,Web
1066,Female,Android
3,Female,Android
1336,Male,Android
93,Female,Web
635,Female,Ios
565,Male,Others
709,Female,Ios
403,Male,Android
454,Female,Web
1088,Female,Ios
250,Male,Android
646,Male,Android
510,Female,Android
358,Female,Others
589,Female,Web
1413,Male,Ios
437,Male,Web
1175,Female,Ios
750,Male,Others
174,Female,Others
136,Female,Others
1068,Male,Web
228,Male,Android
189,Female,Others
581,Male,Ios
253,Male,Others
789,Male,Ios
1190,Male,Others
1428,Male,Ios
222,Male,Android
338,Female,Android
730,Male,Others
399,Male,Web
649,Male,Ios
402,Female,Web
182,Male,Android
1186,Male,Ios
812,Male,Web
595,Male,Web
480,Female,Android
1256,Male,Ios
1070,Male,Others
116,Female,Ios
336,Female,Android
236,Male,Web
1168,Female,Web
1100,Female,Others
556,Male,Others
879,Female,Ios
746,Male,Others
1457,Male,Web
68,Male,Web
110,Male,Ios
141,Male,Others
731,Female,Others
762,Male,Android
1223,Male,Web
1386,Male,Android
1049,Female,Others
423,Female,Web
1082,Male,Web
1091,Male,Web
181,Male,Android
4,Male,Web
82,Female,Android
727,Female,Ios
1222,Female,Web
1449,Female,Ios
996,Male,Ios
273,Female,Others
1404,Male,Android
809,Male,Ios
1440,Male,Android
292,Female,Others
661,Male,Android
578,Female,Web
409,Male,Android
943,Female,Others
133,Male,Android
102,Male,Ios
1442,Male,Others
1334,Male,Others
224,Male,Ios
503,Female,Android
642,Male,Android
942,Female,Ios
14,Female,Web
910,Male,Android
751,Female,Others
885,Male,Android
92,Female,Others
470,Male,Web
836,Male,Android
446,Female,Android
665,Female,Others
53,Male,Ios
500,Male,Others
1228,Male,Ios
577,Male,Others
952,Male,Web
1210,Female,Android
1086,Female,Ios
1076,Female,Web
272,Male,Others
632,Female,Web
54,Male,Others
375,Female,Others
66,Male,Others
1193,Female,Others
1431,Female,Web
1239,Male,Ios
327,Male,Web
1248,Male,Ios
761,Female,Android
323,Male,Others
758,Male,Web
285,Male,Web
1355,Female,Ios
968,Female,Android
1170,Female,Android
1383,Male,Web
40,Male,Android
356,Female,Web
246,Female,Web
744,Female,Web
770,Female,Web
944,Female,Ios
447,Male,Others
26,Male,Others
550,Male,Ios
834,Male,Ios
140,Female,Android
782,Male,Android
593,Female,Ios
667,Male,Others
1444,Male,Web
1131,Female,Ios
594,Male,Ios
610,Female,Android
788,Female,Others
972,Male,Web
966,Male,Ios
749,Male,Ios
1234,Female,Ios
1114,Male,Web
1344,Female,Others
389,Male,Android
404,Female,Ios
1156,Female,Others
717,Female,Others
20,Male,Others
555,Female,Web
658,Female,Ios
7,Female,Others
474,Female,Others
1025,Male,Web
518,Female,Others
491,Male,Web
104,Female,Web
757,Female,Ios
539,Male,Ios
248,Female,Android
820,Female,Android
1129,Female,Others
1452,Male,Android
1153,Female,Ios
704,Male,Others
1148,Female,Others
69,Female,Ios
846,Male,Web
741,Female,Ios
1201,Female,Web
778,Female,Others
130,Female,Web
138,Female,Android
1236,Male,Ios
1172,Female,Others
1339,Male,Ios
796,Male,Ios
388,Male,Web
743,Male,Android
827,Female,Ios
180,Female,Android
1010,Male,Others
793,Male,Web
1219,Male,Others
798,Male,Others
416,Male,Android
552,Male,Web
861,Male,Web
1031,Male,Android
795,Female,Android
352,Male,Others
33,Female,Others
